soil_moisture,temperature,humidity,light,water_level,pump_state
2500.0,28.0,55.0,300.0,80.0,OFF
2500.0,28.0,55.0,272.9,80.0,OFF
2500.0,28.0,55.0,300.0,80.0,OFF
2500.0,28.0,55.0,289.0,80.0,OFF
2500.0,28.0,55.0,293.5,80.0,OFF
2500.0,28.0,55.0,246.1,80.0,OFF
2500.0,28.0,55.0,283.6,80.0,OFF
2500.0,28.0,55.0,243.4,80.0,OFF
2500.0,28.0,55.0,250.0,80.0,OFF
2500.0,28.0,55.0,271.3,80.0,OFF
2500.0,28.0,55.0,229.7,80.0,OFF
2500.0,28.0,55.0,186.0,80.0,OFF
2500.0,28.0,55.0,190.2,80.0,OFF
2500.0,28.0,55.0,203.6,80.0,OFF
2500.0,28.0,55.0,245.0,80.0,OFF
2500.0,36.0,53.89,1800.0,80.0,OFF
2500.0,36.74,53.42,1800.0,80.0,OFF
2500.0,36.07,54.91,1800.0,80.0,OFF
2500.0,36.9,53.74,1800.0,80.0,OFF
2500.0,37.87,53.15,1800.0,80.0,OFF
2500.0,38.11,53.53,1800.0,80.0,OFF
2500.0,38.3,53.79,1800.0,80.0,OFF
2500.0,39.29,54.03,1800.0,80.0,OFF
2500.0,38.58,54.57,1800.0,80.0,OFF
2500.0,38.71,54.3,1800.0,80.0,OFF
2500.0,38.01,52.89,1800.0,80.0,OFF
2500.0,37.45,52.42,1800.0,80.0,OFF
2500.0,37.05,53.76,1800.0,80.0,OFF
2500.0,36.91,55.18,1800.0,80.0,OFF
2500.0,37.11,55.34,1800.0,80.0,OFF
2452.0,28.36,54.34,1802.1,80.08,OFF
2507.4,28.16,53.44,1754.2,79.71,OFF
2527.6,28.29,54.49,1660.3,79.87,OFF
2573.8,28.78,54.45,1579.8,78.98,OFF
2563.0,28.4,55.19,1555.0,79.31,OFF
2615.5,27.89,54.58,1511.7,79.48,OFF
2563.4,27.66,54.3,1487.5,80.41,OFF
2551.9,27.09,54.44,1456.2,80.99,OFF
2499.6,26.56,53.39,1412.8,80.62,OFF
2454.1,26.53,53.43,1325.7,81.11,OFF
2462.8,26.79,53.91,1330.4,80.78,OFF
2486.1,26.67,54.67,1326.3,81.3,OFF
2495.4,26.34,54.43,1290.2,80.78,OFF
2510.2,26.55,54.77,1255.4,79.97,OFF
2530.4,26.52,55.69,1172.5,79.03,OFF
2454.6,27.95,53.96,1802.2,79.56,OFF
2496.3,27.69,53.99,1740.1,78.65,OFF
2449.7,27.31,52.95,1649.7,78.59,OFF
2438.4,26.95,52.13,1577.2,78.57,OFF
2425.7,27.0,52.35,1587.3,78.44,OFF
2430.2,27.32,52.75,1579.7,79.32,OFF
2476.0,27.36,52.47,1668.3,78.36,OFF
2434.6,27.85,52.5,1760.1,78.07,OFF
2395.6,28.33,52.54,1833.6,77.93,OFF
2355.0,28.13,53.71,1907.3,78.07,OFF
2312.8,27.87,54.76,1854.2,77.9,OFF
2299.4,27.37,55.89,1924.3,78.85,OFF
2317.9,27.57,56.31,1960.0,79.45,OFF
2324.9,27.31,56.86,1877.7,78.94,OFF
2285.0,27.87,57.33,1975.6,77.97,OFF
2445.2,27.93,55.54,1709.9,79.76,OFF
2456.5,27.55,56.18,1610.3,80.1,OFF
2447.3,27.35,56.92,1654.3,80.37,OFF
2466.1,27.7,56.34,1694.9,80.21,OFF
2487.4,27.51,57.49,1609.3,80.32,OFF
2540.0,27.8,58.07,1663.0,81.05,OFF
2526.3,27.54,59.23,1675.3,81.75,OFF
2539.1,27.07,60.19,1704.5,81.95,OFF
2527.0,27.43,60.57,1685.8,82.62,OFF
2579.1,27.9,60.34,1699.3,82.25,OFF
2589.5,28.47,60.66,1695.9,82.97,OFF
2649.1,28.19,60.36,1722.1,83.08,OFF
2693.9,28.64,59.96,1749.1,82.42,OFF
2643.9,28.66,61.07,1682.6,81.79,OFF
2689.0,28.74,60.65,1652.4,81.3,OFF
2500.0,36.0,54.2,1800.0,80.0,OFF
2500.0,36.0,54.54,1800.0,80.0,OFF
2500.0,36.0,54.4,1800.0,80.0,OFF
2500.0,36.47,53.3,1800.0,80.0,OFF
2500.0,37.22,54.08,1800.0,80.0,OFF
2500.0,36.31,53.05,1800.0,80.0,OFF
2500.0,36.0,53.37,1800.0,80.0,OFF
2500.0,36.86,54.18,1800.0,80.0,OFF
2500.0,36.25,53.5,1800.0,80.0,OFF
2500.0,36.27,52.58,1800.0,80.0,OFF
2500.0,36.0,52.45,1800.0,80.0,OFF
2500.0,36.45,51.72,1800.0,80.0,OFF
2500.0,36.0,50.97,1800.0,80.0,OFF
2500.0,36.44,51.35,1800.0,80.0,OFF
2500.0,36.0,51.66,1800.0,80.0,OFF
2487.0,27.77,53.93,1757.4,80.19,OFF
2479.8,27.58,54.14,1797.6,80.55,OFF
2472.0,27.91,54.49,1711.4,80.96,OFF
2531.7,28.16,54.6,1629.7,80.51,OFF
2591.5,27.88,54.59,1648.6,80.28,OFF
2617.9,28.45,55.23,1661.1,80.32,OFF
2581.1,29.03,54.99,1695.0,80.33,OFF
2588.0,29.27,55.59,1685.7,81.04,OFF
2638.0,29.16,55.85,1606.1,80.74,OFF
2603.2,29.52,55.85,1573.2,80.31,OFF
2584.6,30.11,54.91,1543.0,80.9,OFF
2580.5,30.67,55.61,1540.9,81.8,OFF
2545.3,30.32,56.39,1526.8,81.51,OFF
2488.5,30.23,55.3,1618.8,81.61,OFF
2505.3,29.81,54.51,1580.3,82.6,OFF
2500.0,28.0,55.0,1800.0,15.0,OFF
2500.0,28.0,55.0,1800.0,15.0,OFF
2500.0,28.0,55.0,1800.0,15.0,OFF
2500.0,28.0,55.0,1800.0,15.0,OFF
2500.0,28.0,55.0,1800.0,15.0,OFF
2500.0,28.0,55.0,1800.0,12.15,OFF
2500.0,28.0,55.0,1800.0,13.4,OFF
2500.0,28.0,55.0,1800.0,14.02,OFF
2500.0,28.0,55.0,1800.0,15.0,OFF
2500.0,28.0,55.0,1800.0,12.04,OFF
2500.0,28.0,55.0,1800.0,14.79,OFF
2500.0,28.0,55.0,1800.0,14.23,OFF
2500.0,28.0,55.0,1800.0,12.24,OFF
2500.0,28.0,55.0,1800.0,12.59,OFF
2500.0,28.0,55.0,1800.0,13.04,OFF
2500.0,28.0,55.0,1800.0,15.0,OFF
2500.0,28.0,55.0,1800.0,15.0,OFF
2500.0,28.0,55.0,1800.0,13.67,OFF
2500.0,28.0,55.0,1800.0,12.26,OFF
2500.0,28.0,55.0,1800.0,14.06,OFF
2500.0,28.0,55.0,1800.0,15.0,OFF
2500.0,28.0,55.0,1800.0,15.0,OFF
2500.0,28.0,55.0,1800.0,12.94,OFF
2500.0,28.0,55.0,1800.0,13.11,OFF
2500.0,28.0,55.0,1800.0,14.36,OFF
2500.0,28.0,55.0,1800.0,14.87,OFF
2500.0,28.0,55.0,1800.0,15.0,OFF
2500.0,28.0,55.0,1800.0,15.0,OFF
2500.0,28.0,55.0,1800.0,14.24,OFF
2500.0,28.0,55.0,1800.0,11.32,OFF
2523.8,28.37,54.96,1717.0,80.47,OFF
2524.1,27.99,55.06,1815.5,81.1,OFF
2578.7,27.69,55.15,1807.1,81.36,OFF
2528.6,28.02,54.21,1888.5,82.28,OFF
2568.1,27.47,53.55,1913.0,82.03,OFF
2620.3,27.95,52.6,1985.9,82.0,OFF
2601.8,28.16,52.66,2015.4,82.88,OFF
2621.7,28.38,52.3,1980.3,83.72,OFF
2582.6,28.16,52.38,1935.1,83.53,OFF
2594.0,27.96,51.38,1981.2,84.5,OFF
2615.9,28.5,50.7,2025.4,83.68,OFF
2581.0,28.37,50.67,1995.6,84.42,OFF
2637.2,28.84,49.81,1940.5,85.26,OFF
2606.9,28.44,50.99,2002.0,84.39,OFF
2636.2,28.67,50.7,2040.7,84.2,OFF
2500.0,28.0,55.0,300.0,80.0,OFF
2500.0,28.0,55.0,272.8,80.0,OFF
2500.0,28.0,55.0,300.0,80.0,OFF
2500.0,28.0,55.0,270.7,80.0,OFF
2500.0,28.0,55.0,230.3,80.0,OFF
2500.0,28.0,55.0,249.4,80.0,OFF
2500.0,28.0,55.0,269.9,80.0,OFF
2500.0,28.0,55.0,285.3,80.0,OFF
2500.0,28.0,55.0,296.3,80.0,OFF
2500.0,28.0,55.0,257.1,80.0,OFF
2500.0,28.0,55.0,272.2,80.0,OFF
2500.0,28.0,55.0,300.0,80.0,OFF
2500.0,28.0,55.0,300.0,80.0,OFF
2500.0,28.0,55.0,291.9,80.0,OFF
2500.0,28.0,55.0,300.0,80.0,OFF
1400.0,28.0,55.0,1800.0,80.0,ON
1331.5,28.0,55.0,1800.0,80.0,ON
1362.2,28.0,55.0,1800.0,80.0,ON
1378.5,28.0,55.0,1800.0,80.0,ON
1339.9,28.0,55.0,1800.0,80.0,ON
1378.9,28.0,55.0,1800.0,80.0,ON
1400.0,28.0,55.0,1800.0,80.0,ON
1388.1,28.0,55.0,1800.0,80.0,ON
1400.0,28.0,55.0,1800.0,80.0,ON
1338.0,28.0,55.0,1800.0,80.0,ON
1400.0,28.0,55.0,1800.0,80.0,ON
1400.0,28.0,55.0,1800.0,80.0,ON
1348.6,28.0,55.0,1800.0,80.0,ON
1400.0,28.0,55.0,1800.0,80.0,ON
1327.2,28.0,55.0,1800.0,80.0,ON
2486.0,28.19,55.27,1743.5,80.14,ON
2496.2,28.39,55.63,1785.0,79.49,ON
2437.6,28.52,55.12,1771.2,78.79,ON
2478.3,28.16,54.05,1706.5,78.55,ON
2468.3,27.87,52.88,1653.4,78.68,ON
2506.7,27.54,51.97,1731.9,78.18,ON
2544.6,27.97,52.28,1670.6,78.16,ON
2555.7,27.79,51.11,1684.1,78.56,ON
2611.1,28.27,50.18,1683.7,79.4,ON
2558.3,27.98,50.94,1760.2,78.88,ON
2566.8,28.01,51.6,1852.5,78.34,ON
2552.8,28.25,52.67,1798.5,77.82,ON
2516.5,27.85,51.7,1825.4,77.32,ON
2520.3,28.24,51.49,1769.9,77.25,ON
2495.2,27.9,50.34,1737.7,77.85,ON
1400.0,28.0,55.0,1800.0,80.0,ON
1400.0,28.0,55.0,1800.0,80.0,ON
1399.2,28.0,55.0,1800.0,80.0,ON
1400.0,28.0,55.0,1800.0,80.0,ON
1342.3,28.0,55.0,1800.0,80.0,ON
1310.5,28.0,55.0,1800.0,80.0,ON
1258.1,28.0,55.0,1800.0,80.0,ON
1300.6,28.0,55.0,1800.0,80.0,ON
1250.6,28.0,55.0,1800.0,80.0,ON
1229.7,28.0,55.0,1800.0,80.0,ON
1293.1,28.0,55.0,1800.0,80.0,ON
1259.7,28.0,55.0,1800.0,80.0,ON
1298.5,28.0,55.0,1800.0,80.0,ON
1285.4,28.0,55.0,1800.0,80.0,ON
1301.4,28.0,55.0,1800.0,80.0,ON
1400.0,28.0,55.0,1800.0,80.0,ON
1367.0,28.0,55.0,1800.0,80.0,ON
1394.0,28.0,55.0,1800.0,80.0,ON
1365.0,28.0,55.0,1800.0,80.0,ON
1343.3,28.0,55.0,1800.0,80.0,ON
1341.1,28.0,55.0,1800.0,80.0,ON
1330.8,28.0,55.0,1800.0,80.0,ON
1258.1,28.0,55.0,1800.0,80.0,ON
1271.3,28.0,55.0,1800.0,80.0,ON
1251.8,28.0,55.0,1800.0,80.0,ON
1288.4,28.0,55.0,1800.0,80.0,ON
1252.8,28.0,55.0,1800.0,80.0,ON
1272.2,28.0,55.0,1800.0,80.0,ON
1249.3,28.0,55.0,1800.0,80.0,ON
1222.8,28.0,55.0,1800.0,80.0,ON
1400.0,28.0,55.0,1800.0,80.0,ON
1400.0,28.0,55.0,1800.0,80.0,ON
1400.0,28.0,55.0,1800.0,80.0,ON
1396.5,28.0,55.0,1800.0,80.0,ON
1358.7,28.0,55.0,1800.0,80.0,ON
1334.8,28.0,55.0,1800.0,80.0,ON
1282.7,28.0,55.0,1800.0,80.0,ON
1340.1,28.0,55.0,1800.0,80.0,ON
1327.2,28.0,55.0,1800.0,80.0,ON
1315.7,28.0,55.0,1800.0,80.0,ON
1301.3,28.0,55.0,1800.0,80.0,ON
1318.2,28.0,55.0,1800.0,80.0,ON
1334.3,28.0,55.0,1800.0,80.0,ON
1358.0,28.0,55.0,1800.0,80.0,ON
1294.7,28.0,55.0,1800.0,80.0,ON
1400.0,28.0,55.0,1800.0,80.0,ON
1400.0,28.0,55.0,1800.0,80.0,ON
1400.0,28.0,55.0,1800.0,80.0,ON
1400.0,28.0,55.0,1800.0,80.0,ON
1400.0,28.0,55.0,1800.0,80.0,ON
1320.4,28.0,55.0,1800.0,80.0,ON
1276.6,28.0,55.0,1800.0,80.0,ON
1263.3,28.0,55.0,1800.0,80.0,ON
1279.4,28.0,55.0,1800.0,80.0,ON
1231.9,28.0,55.0,1800.0,80.0,ON
1161.7,28.0,55.0,1800.0,80.0,ON
1132.5,28.0,55.0,1800.0,80.0,ON
1136.2,28.0,55.0,1800.0,80.0,ON
1100.6,28.0,55.0,1800.0,80.0,ON
1090.3,28.0,55.0,1800.0,80.0,ON
2533.6,27.86,55.58,1747.1,80.94,ON
2563.3,27.79,55.01,1779.6,81.56,ON
2619.6,27.2,54.82,1710.1,82.43,ON
2614.7,27.57,53.81,1733.9,82.65,ON
2652.4,27.96,53.35,1765.0,83.51,ON
2697.2,27.57,53.31,1795.5,83.25,ON
2641.2,27.54,52.3,1775.8,83.26,ON
2661.8,27.36,51.74,1739.1,82.26,ON
2713.6,27.53,51.92,1731.1,82.63,ON
2680.7,27.46,52.66,1728.4,83.05,ON
2731.9,27.33,51.87,1692.9,82.25,ON
2762.6,27.24,52.0,1650.1,82.9,ON
2795.3,27.16,52.02,1563.9,82.34,ON
2802.2,27.67,51.87,1476.4,82.03,OFF
2744.9,27.81,52.67,1437.1,81.53,OFF
1400.0,28.0,55.0,1800.0,80.0,ON
1399.3,28.0,55.0,1800.0,80.0,ON
1342.1,28.0,55.0,1800.0,80.0,ON
1400.0,28.0,55.0,1800.0,80.0,ON
1400.0,28.0,55.0,1800.0,80.0,ON
1400.0,28.0,55.0,1800.0,80.0,ON
1368.0,28.0,55.0,1800.0,80.0,ON
1296.9,28.0,55.0,1800.0,80.0,ON
1310.1,28.0,55.0,1800.0,80.0,ON
1285.9,28.0,55.0,1800.0,80.0,ON
1341.6,28.0,55.0,1800.0,80.0,ON
1290.7,28.0,55.0,1800.0,80.0,ON
1231.0,28.0,55.0,1800.0,80.0,ON
1248.1,28.0,55.0,1800.0,80.0,ON
1207.8,28.0,55.0,1800.0,80.0,ON
2500.0,28.0,55.0,1800.0,15.0,OFF
2500.0,28.0,55.0,1800.0,15.0,OFF
2500.0,28.0,55.0,1800.0,14.44,OFF
2500.0,28.0,55.0,1800.0,15.0,OFF
2500.0,28.0,55.0,1800.0,15.0,OFF
2500.0,28.0,55.0,1800.0,14.55,OFF
2500.0,28.0,55.0,1800.0,14.49,OFF
2500.0,28.0,55.0,1800.0,15.0,OFF
2500.0,28.0,55.0,1800.0,15.0,OFF
2500.0,28.0,55.0,1800.0,14.58,OFF
2500.0,28.0,55.0,1800.0,13.18,OFF
2500.0,28.0,55.0,1800.0,14.35,OFF
2500.0,28.0,55.0,1800.0,15.0,OFF
2500.0,28.0,55.0,1800.0,15.0,OFF
2500.0,28.0,55.0,1800.0,14.6,OFF
2500.0,28.0,55.0,1800.0,15.0,OFF
2500.0,28.0,55.0,1800.0,15.0,OFF
2500.0,28.0,55.0,1800.0,15.0,OFF
2500.0,28.0,55.0,1800.0,13.85,OFF
2500.0,28.0,55.0,1800.0,13.55,OFF
2500.0,28.0,55.0,1800.0,14.48,OFF
2500.0,28.0,55.0,1800.0,15.0,OFF
2500.0,28.0,55.0,1800.0,14.89,OFF
2500.0,28.0,55.0,1800.0,14.18,OFF
2500.0,28.0,55.0,1800.0,13.83,OFF
2500.0,28.0,55.0,1800.0,15.0,OFF
2500.0,28.0,55.0,1800.0,15.0,OFF
2500.0,28.0,55.0,1800.0,15.0,OFF
2500.0,28.0,55.0,1800.0,14.2,OFF
2500.0,28.0,55.0,1800.0,14.21,OFF
2460.4,28.2,54.65,1781.3,80.85,OFF
2440.6,27.74,53.62,1699.9,81.45,OFF
2411.1,28.1,53.34,1788.8,81.82,OFF
2379.5,28.25,53.95,1692.3,81.77,OFF
2362.7,28.3,53.38,1781.6,81.4,OFF
2313.7,27.94,53.07,1880.2,82.2,OFF
2340.7,28.53,54.24,1808.3,82.92,OFF
2302.6,28.38,54.32,1740.4,82.7,OFF
2314.7,28.0,53.32,1761.7,82.67,OFF
2310.4,27.57,52.18,1715.4,82.09,OFF
2281.6,27.45,51.73,1806.1,81.41,OFF
2331.9,27.64,51.77,1859.8,81.43,OFF
2360.1,27.06,52.0,1776.3,80.75,OFF
2419.7,27.48,52.43,1807.2,80.68,OFF
2473.6,26.94,53.01,1814.3,80.21,OFF
1400.0,28.0,55.0,1800.0,80.0,ON
1400.0,28.0,55.0,1800.0,80.0,ON
1400.0,28.0,55.0,1800.0,80.0,ON
1397.5,28.0,55.0,1800.0,80.0,ON
1400.0,28.0,55.0,1800.0,80.0,ON
1400.0,28.0,55.0,1800.0,80.0,ON
1400.0,28.0,55.0,1800.0,80.0,ON
1400.0,28.0,55.0,1800.0,80.0,ON
1400.0,28.0,55.0,1800.0,80.0,ON
1394.0,28.0,55.0,1800.0,80.0,ON
1344.4,28.0,55.0,1800.0,80.0,ON
1354.3,28.0,55.0,1800.0,80.0,ON
1312.7,28.0,55.0,1800.0,80.0,ON
1295.2,28.0,55.0,1800.0,80.0,ON
1263.4,28.0,55.0,1800.0,80.0,ON
2500.0,36.0,54.13,1800.0,80.0,ON
2500.0,36.0,55.15,1800.0,80.0,ON
2500.0,36.0,55.01,1800.0,80.0,ON
2500.0,36.0,55.98,1800.0,80.0,ON
2500.0,36.6,56.72,1800.0,80.0,ON
2500.0,36.55,58.15,1800.0,80.0,ON
2500.0,36.0,58.91,1800.0,80.0,ON
2500.0,36.52,58.05,1800.0,80.0,ON
2500.0,37.5,57.86,1800.0,80.0,ON
2500.0,37.82,57.49,1800.0,80.0,ON
2500.0,37.66,55.99,1800.0,80.0,ON
2500.0,37.36,55.66,1800.0,80.0,ON
2500.0,36.52,55.26,1800.0,80.0,ON
2500.0,37.39,53.98,1800.0,80.0,ON
2500.0,36.77,54.31,1800.0,80.0,ON
1400.0,28.0,55.0,1800.0,80.0,ON
1339.8,28.0,55.0,1800.0,80.0,ON
1360.1,28.0,55.0,1800.0,80.0,ON
1307.7,28.0,55.0,1800.0,80.0,ON
1285.9,28.0,55.0,1800.0,80.0,ON
1208.7,28.0,55.0,1800.0,80.0,ON
1189.0,28.0,55.0,1800.0,80.0,ON
1208.8,28.0,55.0,1800.0,80.0,ON
1140.8,28.0,55.0,1800.0,80.0,ON
1127.7,28.0,55.0,1800.0,80.0,ON
1150.0,28.0,55.0,1800.0,80.0,ON
1201.3,28.0,55.0,1800.0,80.0,ON
1269.6,28.0,55.0,1800.0,80.0,ON
1209.1,28.0,55.0,1800.0,80.0,ON
1205.1,28.0,55.0,1800.0,80.0,ON
2500.0,36.0,54.22,1800.0,80.0,ON
2500.0,36.91,53.44,1800.0,80.0,ON
2500.0,36.5,54.2,1800.0,80.0,ON
2500.0,36.94,52.99,1800.0,80.0,ON
2500.0,36.33,52.77,1800.0,80.0,ON
2500.0,36.0,52.74,1800.0,80.0,ON
2500.0,36.4,52.64,1800.0,80.0,ON
2500.0,36.0,53.8,1800.0,80.0,ON
2500.0,36.94,55.0,1800.0,80.0,ON
2500.0,36.59,55.15,1800.0,80.0,ON
2500.0,36.84,54.21,1800.0,80.0,ON
2500.0,37.78,55.63,1800.0,80.0,ON
2500.0,37.97,54.42,1800.0,80.0,ON
2500.0,38.25,55.23,1800.0,80.0,ON
2500.0,38.35,54.2,1800.0,80.0,ON
1400.0,28.0,55.0,1800.0,80.0,ON
1400.0,28.0,55.0,1800.0,80.0,ON
1324.9,28.0,55.0,1800.0,80.0,ON
1278.4,28.0,55.0,1800.0,80.0,ON
1322.9,28.0,55.0,1800.0,80.0,ON
1258.4,28.0,55.0,1800.0,80.0,ON
1281.7,28.0,55.0,1800.0,80.0,ON
1294.8,28.0,55.0,1800.0,80.0,ON
1334.5,28.0,55.0,1800.0,80.0,ON
1283.4,28.0,55.0,1800.0,80.0,ON
1242.7,28.0,55.0,1800.0,80.0,ON
1170.3,28.0,55.0,1800.0,80.0,ON
1166.5,28.0,55.0,1800.0,80.0,ON
1231.0,28.0,55.0,1800.0,80.0,ON
1199.3,28.0,55.0,1800.0,80.0,ON
1400.0,28.0,55.0,1800.0,80.0,ON
1400.0,28.0,55.0,1800.0,80.0,ON
1382.4,28.0,55.0,1800.0,80.0,ON
1400.0,28.0,55.0,1800.0,80.0,ON
1400.0,28.0,55.0,1800.0,80.0,ON
1333.6,28.0,55.0,1800.0,80.0,ON
1380.5,28.0,55.0,1800.0,80.0,ON
1400.0,28.0,55.0,1800.0,80.0,ON
1400.0,28.0,55.0,1800.0,80.0,ON
1352.3,28.0,55.0,1800.0,80.0,ON
1400.0,28.0,55.0,1800.0,80.0,ON
1352.7,28.0,55.0,1800.0,80.0,ON
1319.9,28.0,55.0,1800.0,80.0,ON
1361.3,28.0,55.0,1800.0,80.0,ON
1346.8,28.0,55.0,1800.0,80.0,ON
2500.0,36.0,53.98,1800.0,80.0,ON
2500.0,36.89,55.31,1800.0,80.0,ON
2500.0,37.08,54.39,1800.0,80.0,ON
2500.0,38.04,55.34,1800.0,80.0,ON
2500.0,38.64,55.62,1800.0,80.0,ON
2500.0,38.16,54.62,1800.0,80.0,ON
2500.0,37.78,53.55,1800.0,80.0,ON
2500.0,37.09,54.93,1800.0,80.0,ON
2500.0,37.36,56.21,1800.0,80.0,ON
2500.0,38.12,55.31,1800.0,80.0,ON
2500.0,38.42,55.23,1800.0,80.0,ON
2500.0,38.05,56.31,1800.0,80.0,ON
2500.0,37.77,54.94,1800.0,80.0,ON
2500.0,38.51,53.79,1800.0,80.0,ON
2500.0,37.62,52.92,1800.0,80.0,ON
2500.0,28.0,55.0,1800.0,15.0,OFF
2500.0,28.0,55.0,1800.0,13.31,OFF
2500.0,28.0,55.0,1800.0,11.57,OFF
2500.0,28.0,55.0,1800.0,13.9,OFF
2500.0,28.0,55.0,1800.0,11.19,OFF
2500.0,28.0,55.0,1800.0,12.67,OFF
2500.0,28.0,55.0,1800.0,11.61,OFF
2500.0,28.0,55.0,1800.0,11.02,OFF
2500.0,28.0,55.0,1800.0,12.69,OFF
2500.0,28.0,55.0,1800.0,11.11,OFF
2500.0,28.0,55.0,1800.0,12.91,OFF
2500.0,28.0,55.0,1800.0,10.49,OFF
2500.0,28.0,55.0,1800.0,12.7,OFF
2500.0,28.0,55.0,1800.0,15.0,OFF
2500.0,28.0,55.0,1800.0,15.0,OFF
1400.0,28.0,55.0,1800.0,80.0,ON
1400.0,28.0,55.0,1800.0,80.0,ON
1351.1,28.0,55.0,1800.0,80.0,ON
1338.9,28.0,55.0,1800.0,80.0,ON
1283.9,28.0,55.0,1800.0,80.0,ON
1213.5,28.0,55.0,1800.0,80.0,ON
1191.6,28.0,55.0,1800.0,80.0,ON
1234.6,28.0,55.0,1800.0,80.0,ON
1230.2,28.0,55.0,1800.0,80.0,ON
1209.7,28.0,55.0,1800.0,80.0,ON
1229.2,28.0,55.0,1800.0,80.0,ON
1206.5,28.0,55.0,1800.0,80.0,ON
1189.4,28.0,55.0,1800.0,80.0,ON
1234.4,28.0,55.0,1800.0,80.0,ON
1290.0,28.0,55.0,1800.0,80.0,ON
2500.0,28.0,55.0,300.0,80.0,ON
2500.0,28.0,55.0,300.0,80.0,ON
2500.0,28.0,55.0,300.0,80.0,ON
2500.0,28.0,55.0,258.5,80.0,ON
2500.0,28.0,55.0,283.8,80.0,ON
2500.0,28.0,55.0,248.3,80.0,ON
2500.0,28.0,55.0,236.7,80.0,ON
2500.0,28.0,55.0,218.6,80.0,ON
2500.0,28.0,55.0,201.6,80.0,ON
2500.0,28.0,55.0,237.2,80.0,ON
2500.0,28.0,55.0,197.8,80.0,ON
2500.0,28.0,55.0,224.8,80.0,ON
2500.0,28.0,55.0,258.9,80.0,ON
2500.0,28.0,55.0,284.1,80.0,ON
2500.0,28.0,55.0,300.0,80.0,ON
1400.0,28.0,55.0,1800.0,80.0,ON
1400.0,28.0,55.0,1800.0,80.0,ON
1342.6,28.0,55.0,1800.0,80.0,ON
1371.8,28.0,55.0,1800.0,80.0,ON
1306.9,28.0,55.0,1800.0,80.0,ON
1279.2,28.0,55.0,1800.0,80.0,ON
1324.5,28.0,55.0,1800.0,80.0,ON
1399.0,28.0,55.0,1800.0,80.0,ON
1400.0,28.0,55.0,1800.0,80.0,ON
1400.0,28.0,55.0,1800.0,80.0,ON
1358.7,28.0,55.0,1800.0,80.0,ON
1400.0,28.0,55.0,1800.0,80.0,ON
1400.0,28.0,55.0,1800.0,80.0,ON
1400.0,28.0,55.0,1800.0,80.0,ON
1400.0,28.0,55.0,1800.0,80.0,ON
2470.6,28.06,55.38,1837.6,80.22,ON
2466.9,28.1,54.29,1932.9,79.59,ON
2431.0,28.08,55.34,1893.5,79.15,ON
2420.6,27.96,54.32,1943.2,78.38,ON
2406.9,28.32,53.36,1948.7,78.78,ON
2446.7,27.88,52.51,2016.7,79.31,ON
2452.8,27.55,51.77,2090.9,78.99,ON
2448.7,27.49,50.9,2107.1,79.31,ON
2454.7,27.52,51.77,2158.7,79.8,ON
2409.1,27.18,52.81,2164.0,79.86,ON
2385.9,27.46,51.64,2231.0,79.34,ON
2368.7,26.97,51.73,2287.1,78.71,ON
2314.2,27.28,52.51,2232.5,78.64,ON
2261.2,27.24,53.47,2301.6,78.43,ON
2203.3,27.39,52.78,2292.3,78.91,ON
1400.0,28.0,55.0,1800.0,80.0,ON
1363.8,28.0,55.0,1800.0,80.0,ON
1345.9,28.0,55.0,1800.0,80.0,ON
1339.2,28.0,55.0,1800.0,80.0,ON
1391.4,28.0,55.0,1800.0,80.0,ON
1400.0,28.0,55.0,1800.0,80.0,ON
1400.0,28.0,55.0,1800.0,80.0,ON
1350.8,28.0,55.0,1800.0,80.0,ON
1294.2,28.0,55.0,1800.0,80.0,ON
1335.0,28.0,55.0,1800.0,80.0,ON
1310.7,28.0,55.0,1800.0,80.0,ON
1321.1,28.0,55.0,1800.0,80.0,ON
1378.0,28.0,55.0,1800.0,80.0,ON
1357.8,28.0,55.0,1800.0,80.0,ON
1339.0,28.0,55.0,1800.0,80.0,ON
2500.0,28.0,55.0,1800.0,15.0,OFF
2500.0,28.0,55.0,1800.0,15.0,OFF
2500.0,28.0,55.0,1800.0,15.0,OFF
2500.0,28.0,55.0,1800.0,15.0,OFF
2500.0,28.0,55.0,1800.0,15.0,OFF
2500.0,28.0,55.0,1800.0,12.02,OFF
2500.0,28.0,55.0,1800.0,13.56,OFF
2500.0,28.0,55.0,1800.0,15.0,OFF
2500.0,28.0,55.0,1800.0,15.0,OFF
2500.0,28.0,55.0,1800.0,14.7,OFF
2500.0,28.0,55.0,1800.0,13.24,OFF
2500.0,28.0,55.0,1800.0,15.0,OFF
2500.0,28.0,55.0,1800.0,13.93,OFF
2500.0,28.0,55.0,1800.0,15.0,OFF
2500.0,28.0,55.0,1800.0,14.29,OFF
1400.0,28.0,55.0,1800.0,80.0,ON
1331.0,28.0,55.0,1800.0,80.0,ON
1332.4,28.0,55.0,1800.0,80.0,ON
1331.2,28.0,55.0,1800.0,80.0,ON
1391.5,28.0,55.0,1800.0,80.0,ON
1399.1,28.0,55.0,1800.0,80.0,ON
1400.0,28.0,55.0,1800.0,80.0,ON
1400.0,28.0,55.0,1800.0,80.0,ON
1330.3,28.0,55.0,1800.0,80.0,ON
1400.0,28.0,55.0,1800.0,80.0,ON
1359.5,28.0,55.0,1800.0,80.0,ON
1394.4,28.0,55.0,1800.0,80.0,ON
1400.0,28.0,55.0,1800.0,80.0,ON
1400.0,28.0,55.0,1800.0,80.0,ON
1400.0,28.0,55.0,1800.0,80.0,ON
2516.8,27.92,56.19,1787.2,80.47,ON
2508.9,27.86,56.61,1822.1,80.16,ON
2546.9,27.97,56.71,1830.4,81.12,ON
2544.2,27.68,56.16,1835.5,82.02,ON
2543.2,27.08,56.63,1803.0,82.63,ON
2539.3,27.15,57.01,1843.6,82.47,ON
2518.5,27.71,55.98,1799.4,83.11,ON
2503.2,27.78,55.69,1769.0,83.43,ON
2496.7,27.88,54.58,1727.3,82.54,ON
2464.6,28.12,54.38,1646.6,81.68,ON
2470.7,28.28,54.51,1599.2,82.42,ON
2467.0,28.72,54.69,1499.3,81.77,ON
2450.3,28.94,54.24,1399.4,82.68,ON
2418.0,28.62,54.79,1479.4,82.1,ON
2446.3,28.98,54.64,1516.1,81.49,ON
2500.0,28.0,55.0,1800.0,15.0,OFF
2500.0,28.0,55.0,1800.0,15.0,OFF
2500.0,28.0,55.0,1800.0,15.0,OFF
2500.0,28.0,55.0,1800.0,13.8,OFF
2500.0,28.0,55.0,1800.0,11.07,OFF
2500.0,28.0,55.0,1800.0,11.4,OFF
2500.0,28.0,55.0,1800.0,10.08,OFF
2500.0,28.0,55.0,1800.0,9.69,OFF
2500.0,28.0,55.0,1800.0,9.83,OFF
2500.0,28.0,55.0,1800.0,8.47,OFF
2500.0,28.0,55.0,1800.0,5.48,OFF
2500.0,28.0,55.0,1800.0,2.5,OFF
2500.0,28.0,55.0,1800.0,0.97,OFF
2500.0,28.0,55.0,1800.0,0.0,OFF
2500.0,28.0,55.0,1800.0,0.9,OFF
1400.0,28.0,55.0,1800.0,80.0,ON
1400.0,28.0,55.0,1800.0,80.0,ON
1376.0,28.0,55.0,1800.0,80.0,ON
1390.4,28.0,55.0,1800.0,80.0,ON
1312.3,28.0,55.0,1800.0,80.0,ON
1262.8,28.0,55.0,1800.0,80.0,ON
1325.5,28.0,55.0,1800.0,80.0,ON
1251.3,28.0,55.0,1800.0,80.0,ON
1210.3,28.0,55.0,1800.0,80.0,ON
1205.5,28.0,55.0,1800.0,80.0,ON
1282.6,28.0,55.0,1800.0,80.0,ON
1327.1,28.0,55.0,1800.0,80.0,ON
1349.0,28.0,55.0,1800.0,80.0,ON
1364.4,28.0,55.0,1800.0,80.0,ON
1324.9,28.0,55.0,1800.0,80.0,ON
1400.0,28.0,55.0,1800.0,80.0,ON
1400.0,28.0,55.0,1800.0,80.0,ON
1352.5,28.0,55.0,1800.0,80.0,ON
1400.0,28.0,55.0,1800.0,80.0,ON
1400.0,28.0,55.0,1800.0,80.0,ON
1400.0,28.0,55.0,1800.0,80.0,ON
1370.3,28.0,55.0,1800.0,80.0,ON
1400.0,28.0,55.0,1800.0,80.0,ON
1384.5,28.0,55.0,1800.0,80.0,ON
1400.0,28.0,55.0,1800.0,80.0,ON
1400.0,28.0,55.0,1800.0,80.0,ON
1400.0,28.0,55.0,1800.0,80.0,ON
1325.9,28.0,55.0,1800.0,80.0,ON
1306.6,28.0,55.0,1800.0,80.0,ON
1338.2,28.0,55.0,1800.0,80.0,ON
2500.0,36.0,55.48,1800.0,80.0,ON
2500.0,36.0,54.29,1800.0,80.0,ON
2500.0,36.0,53.8,1800.0,80.0,ON
2500.0,36.0,52.32,1800.0,80.0,ON
2500.0,36.09,52.02,1800.0,80.0,ON
2500.0,36.0,52.47,1800.0,80.0,ON
2500.0,36.68,53.01,1800.0,80.0,ON
2500.0,36.91,53.55,1800.0,80.0,ON
2500.0,37.1,54.65,1800.0,80.0,ON
2500.0,37.29,54.76,1800.0,80.0,ON
2500.0,37.64,56.26,1800.0,80.0,ON
2500.0,37.92,55.11,1800.0,80.0,ON
2500.0,37.33,55.07,1800.0,80.0,ON
2500.0,37.38,54.66,1800.0,80.0,ON
2500.0,37.61,53.79,1800.0,80.0,ON
1400.0,28.0,55.0,1800.0,80.0,ON
1366.7,28.0,55.0,1800.0,80.0,ON
1400.0,28.0,55.0,1800.0,80.0,ON
1400.0,28.0,55.0,1800.0,80.0,ON
1342.0,28.0,55.0,1800.0,80.0,ON
1391.3,28.0,55.0,1800.0,80.0,ON
1400.0,28.0,55.0,1800.0,80.0,ON
1380.3,28.0,55.0,1800.0,80.0,ON
1400.0,28.0,55.0,1800.0,80.0,ON
1400.0,28.0,55.0,1800.0,80.0,ON
1400.0,28.0,55.0,1800.0,80.0,ON
1328.7,28.0,55.0,1800.0,80.0,ON
1383.8,28.0,55.0,1800.0,80.0,ON
1400.0,28.0,55.0,1800.0,80.0,ON
1360.6,28.0,55.0,1800.0,80.0,ON
2475.8,27.77,54.35,1790.4,80.21,ON
2465.9,28.17,55.03,1767.2,80.86,ON
2487.5,28.18,55.3,1668.1,80.0,ON
2427.9,27.62,56.07,1631.1,79.76,ON
2420.4,27.35,55.42,1619.0,79.73,ON
2463.7,27.74,55.78,1574.1,80.13,ON
2516.1,28.08,55.67,1546.8,79.26,ON
2463.8,28.68,54.63,1629.9,80.26,ON
2478.8,28.77,53.98,1623.4,79.97,ON
2438.8,28.74,54.65,1713.0,79.89,ON
2392.8,28.31,55.12,1791.9,79.36,ON
2403.4,28.47,55.39,1804.2,79.38,ON
2407.1,27.97,56.2,1841.6,78.67,ON
2426.7,27.95,55.51,1802.8,78.86,ON
2483.5,27.6,54.64,1756.1,78.77,ON
2500.0,28.0,55.0,300.0,80.0,ON
2500.0,28.0,55.0,296.6,80.0,ON
2500.0,28.0,55.0,300.0,80.0,ON
2500.0,28.0,55.0,260.1,80.0,ON
2500.0,28.0,55.0,214.9,80.0,ON
2500.0,28.0,55.0,188.9,80.0,ON
2500.0,28.0,55.0,175.5,80.0,ON
2500.0,28.0,55.0,139.9,80.0,ON
2500.0,28.0,55.0,185.7,80.0,ON
2500.0,28.0,55.0,161.6,80.0,ON
2500.0,28.0,55.0,141.6,80.0,ON
2500.0,28.0,55.0,191.5,80.0,ON
2500.0,28.0,55.0,172.2,80.0,ON
2500.0,28.0,55.0,158.0,80.0,ON
2500.0,28.0,55.0,175.7,80.0,ON
2513.2,28.46,53.97,1841.6,79.51,ON
2549.3,28.71,53.83,1792.6,78.55,ON
2556.6,28.82,53.37,1700.1,79.2,ON
2498.4,28.41,52.7,1787.8,79.92,ON
2514.6,28.33,52.05,1693.4,79.29,ON
2567.4,28.57,52.09,1776.9,79.06,ON
2531.5,28.59,53.09,1739.1,78.43,ON
2579.9,28.31,53.58,1718.0,78.89,ON
2581.0,28.14,52.69,1685.4,79.71,ON
2604.7,28.13,53.15,1760.4,79.98,ON
2579.2,28.43,52.23,1782.7,80.57,ON
2591.6,28.03,53.34,1777.7,80.47,ON
2598.1,27.63,54.29,1834.6,79.48,ON
2596.8,28.11,53.17,1905.8,79.22,ON
2649.2,28.49,53.47,1990.1,78.91,ON
1400.0,28.0,55.0,1800.0,80.0,ON
1387.9,28.0,55.0,1800.0,80.0,ON
1400.0,28.0,55.0,1800.0,80.0,ON
1376.0,28.0,55.0,1800.0,80.0,ON
1356.3,28.0,55.0,1800.0,80.0,ON
1356.5,28.0,55.0,1800.0,80.0,ON
1294.0,28.0,55.0,1800.0,80.0,ON
1245.1,28.0,55.0,1800.0,80.0,ON
1261.9,28.0,55.0,1800.0,80.0,ON
1219.2,28.0,55.0,1800.0,80.0,ON
1161.3,28.0,55.0,1800.0,80.0,ON
1189.4,28.0,55.0,1800.0,80.0,ON
1173.5,28.0,55.0,1800.0,80.0,ON
1170.0,28.0,55.0,1800.0,80.0,ON
1161.6,28.0,55.0,1800.0,80.0,ON
2551.6,27.67,55.94,1724.8,79.54,ON
2524.7,27.62,56.83,1761.7,79.31,ON
2534.8,27.57,57.06,1719.2,79.49,ON
2562.5,27.39,57.17,1690.7,80.32,ON
2542.9,27.53,56.77,1728.6,79.91,ON
2594.8,27.52,57.69,1784.9,80.28,ON
2570.6,27.96,57.98,1873.6,80.16,ON
2518.0,28.42,57.03,1785.2,79.84,ON
2532.3,28.1,55.99,1739.1,79.35,ON
2478.4,27.6,55.7,1763.0,79.0,ON
2462.7,27.17,54.74,1810.3,78.42,ON
2498.7,27.69,55.36,1844.1,78.44,ON
2454.9,28.18,55.85,1844.9,77.67,ON
2458.3,27.75,55.64,1861.0,76.71,ON
2436.4,27.31,56.62,1920.9,76.41,ON
1400.0,28.0,55.0,1800.0,80.0,ON
1400.0,28.0,55.0,1800.0,80.0,ON
1400.0,28.0,55.0,1800.0,80.0,ON
1400.0,28.0,55.0,1800.0,80.0,ON
1328.4,28.0,55.0,1800.0,80.0,ON
1400.0,28.0,55.0,1800.0,80.0,ON
1395.2,28.0,55.0,1800.0,80.0,ON
1369.2,28.0,55.0,1800.0,80.0,ON
1364.1,28.0,55.0,1800.0,80.0,ON
1367.5,28.0,55.0,1800.0,80.0,ON
1309.5,28.0,55.0,1800.0,80.0,ON
1273.7,28.0,55.0,1800.0,80.0,ON
1244.2,28.0,55.0,1800.0,80.0,ON
1204.1,28.0,55.0,1800.0,80.0,ON
1193.4,28.0,55.0,1800.0,80.0,ON
2445.9,28.04,55.79,1819.1,80.43,ON
2409.6,27.74,56.44,1722.5,80.91,ON
2466.8,27.8,56.17,1667.7,80.13,ON
2453.9,28.17,55.12,1572.3,80.2,ON
2398.9,28.42,54.59,1518.0,80.3,ON
2351.5,28.65,54.77,1447.3,80.73,ON
2296.4,29.16,55.61,1457.0,80.82,ON
2321.2,29.39,54.72,1483.7,79.89,ON
2265.4,29.48,53.82,1439.0,78.89,ON
2227.7,29.49,53.47,1407.0,78.59,ON
2208.1,29.64,52.45,1455.6,79.46,ON
2266.2,29.43,52.25,1375.1,80.19,ON
2208.6,29.43,52.48,1449.2,80.96,ON
2259.6,29.98,52.92,1393.3,80.75,ON
2284.4,30.52,54.04,1359.2,80.05,ON
2500.0,36.0,55.54,1800.0,80.0,ON
2500.0,36.0,54.6,1800.0,80.0,ON
2500.0,36.32,55.78,1800.0,80.0,ON
2500.0,36.96,55.74,1800.0,80.0,ON
2500.0,36.02,55.58,1800.0,80.0,ON
2500.0,36.0,56.22,1800.0,80.0,ON
2500.0,36.0,57.18,1800.0,80.0,ON
2500.0,36.0,58.6,1800.0,80.0,ON
2500.0,36.07,59.47,1800.0,80.0,ON
2500.0,36.56,59.34,1800.0,80.0,ON
2500.0,36.44,59.96,1800.0,80.0,ON
2500.0,36.26,61.11,1800.0,80.0,ON
2500.0,36.0,60.67,1800.0,80.0,ON
2500.0,36.56,59.36,1800.0,80.0,ON
2500.0,36.0,60.82,1800.0,80.0,ON
2500.0,36.0,54.49,1800.0,80.0,ON
2500.0,36.0,53.75,1800.0,80.0,ON
2500.0,36.78,54.18,1800.0,80.0,ON
2500.0,36.43,53.55,1800.0,80.0,ON
2500.0,36.28,52.87,1800.0,80.0,ON
2500.0,36.77,53.69,1800.0,80.0,ON
2500.0,36.95,52.31,1800.0,80.0,ON
2500.0,37.14,51.72,1800.0,80.0,ON
2500.0,37.0,53.15,1800.0,80.0,ON
2500.0,37.2,52.09,1800.0,80.0,ON
2500.0,37.1,51.05,1800.0,80.0,ON
2500.0,37.74,52.31,1800.0,80.0,ON
2500.0,38.3,52.28,1800.0,80.0,ON
2500.0,37.69,52.32,1800.0,80.0,ON
2500.0,38.62,53.2,1800.0,80.0,ON
2486.2,28.25,55.51,1713.3,80.11,ON
2543.8,28.24,55.43,1675.9,79.12,ON
2599.4,27.89,54.82,1683.6,79.68,ON
2549.8,27.58,55.69,1611.0,78.76,ON
2541.1,28.15,55.01,1633.9,78.54,ON
2569.1,28.06,54.36,1729.5,77.55,ON
2611.5,27.58,53.65,1647.8,78.32,ON
2570.3,27.68,54.03,1688.3,79.2,ON
2562.0,28.17,53.36,1755.8,78.95,ON
2568.3,28.46,54.01,1850.6,78.93,ON
2557.7,28.28,52.9,1922.7,79.62,ON
2543.2,28.61,53.11,2001.3,79.11,ON
2543.3,28.19,53.73,2039.6,79.12,ON
2529.9,28.36,54.02,2051.7,79.04,ON
2537.4,28.39,55.12,1973.6,79.47,ON
2450.4,27.84,55.77,1818.5,80.24,ON
2394.5,27.35,56.64,1772.4,81.13,ON
2439.2,26.81,57.63,1749.7,80.97,ON
2483.2,27.38,56.78,1736.1,80.58,ON
2511.1,27.09,55.89,1711.1,80.87,ON
2462.9,27.21,57.09,1682.6,81.52,ON
2522.2,27.33,57.68,1748.3,81.01,ON
2497.0,27.12,57.86,1670.0,80.47,ON
2505.8,27.56,58.01,1690.4,81.11,ON
2521.0,27.44,57.41,1768.3,80.51,ON
2556.6,27.48,58.36,1864.8,80.76,ON
2541.5,27.26,57.54,1793.6,79.99,ON
2568.3,27.41,56.6,1763.6,80.9,ON
2552.8,27.99,57.37,1687.4,81.88,ON
2550.2,28.25,56.36,1627.6,81.1,ON
2500.0,36.0,53.72,1800.0,80.0,ON
2500.0,36.58,53.42,1800.0,80.0,ON
2500.0,36.55,54.51,1800.0,80.0,ON
2500.0,37.27,53.29,1800.0,80.0,ON
2500.0,37.73,53.35,1800.0,80.0,ON
2500.0,38.3,51.91,1800.0,80.0,ON
2500.0,37.71,52.54,1800.0,80.0,ON
2500.0,38.62,53.23,1800.0,80.0,ON
2500.0,38.83,53.82,1800.0,80.0,ON
2500.0,38.47,52.97,1800.0,80.0,ON
2500.0,38.12,53.99,1800.0,80.0,ON
2500.0,37.77,54.65,1800.0,80.0,ON
2500.0,38.57,54.02,1800.0,80.0,ON
2500.0,39.48,53.0,1800.0,80.0,ON
2500.0,39.88,53.32,1800.0,80.0,ON
1400.0,28.0,55.0,1800.0,80.0,ON
1358.3,28.0,55.0,1800.0,80.0,ON
1285.7,28.0,55.0,1800.0,80.0,ON
1246.4,28.0,55.0,1800.0,80.0,ON
1249.7,28.0,55.0,1800.0,80.0,ON
1264.4,28.0,55.0,1800.0,80.0,ON
1185.3,28.0,55.0,1800.0,80.0,ON
1118.8,28.0,55.0,1800.0,80.0,ON
1100.0,28.0,55.0,1800.0,80.0,ON
1044.8,28.0,55.0,1800.0,80.0,ON
1111.4,28.0,55.0,1800.0,80.0,ON
1155.7,28.0,55.0,1800.0,80.0,ON
1127.9,28.0,55.0,1800.0,80.0,ON
1067.5,28.0,55.0,1800.0,80.0,ON
1129.2,28.0,55.0,1800.0,80.0,ON
2500.0,36.0,55.16,1800.0,80.0,ON
2500.0,36.59,55.75,1800.0,80.0,ON
2500.0,36.93,56.67,1800.0,80.0,ON
2500.0,37.52,57.14,1800.0,80.0,ON
2500.0,37.27,57.29,1800.0,80.0,ON
2500.0,36.38,58.1,1800.0,80.0,ON
2500.0,36.84,57.17,1800.0,80.0,ON
2500.0,37.5,57.06,1800.0,80.0,ON
2500.0,38.08,55.86,1800.0,80.0,ON
2500.0,37.16,55.23,1800.0,80.0,ON
2500.0,37.72,56.28,1800.0,80.0,ON
2500.0,38.34,56.27,1800.0,80.0,ON
2500.0,38.47,55.17,1800.0,80.0,ON
2500.0,39.15,56.29,1800.0,80.0,ON
2500.0,38.56,57.46,1800.0,80.0,ON
2500.0,28.0,55.0,300.0,80.0,ON
2500.0,28.0,55.0,288.8,80.0,ON
2500.0,28.0,55.0,282.3,80.0,ON
2500.0,28.0,55.0,300.0,80.0,ON
2500.0,28.0,55.0,281.4,80.0,ON
2500.0,28.0,55.0,282.1,80.0,ON
2500.0,28.0,55.0,291.3,80.0,ON
2500.0,28.0,55.0,263.7,80.0,ON
2500.0,28.0,55.0,268.4,80.0,ON
2500.0,28.0,55.0,229.7,80.0,ON
2500.0,28.0,55.0,194.9,80.0,ON
2500.0,28.0,55.0,182.3,80.0,ON
2500.0,28.0,55.0,232.0,80.0,ON
2500.0,28.0,55.0,266.8,80.0,ON
2500.0,28.0,55.0,225.2,80.0,ON
1400.0,28.0,55.0,1800.0,80.0,ON
1400.0,28.0,55.0,1800.0,80.0,ON
1350.1,28.0,55.0,1800.0,80.0,ON
1318.9,28.0,55.0,1800.0,80.0,ON
1286.9,28.0,55.0,1800.0,80.0,ON
1218.7,28.0,55.0,1800.0,80.0,ON
1261.8,28.0,55.0,1800.0,80.0,ON
1309.7,28.0,55.0,1800.0,80.0,ON
1264.9,28.0,55.0,1800.0,80.0,ON
1304.4,28.0,55.0,1800.0,80.0,ON
1280.8,28.0,55.0,1800.0,80.0,ON
1349.7,28.0,55.0,1800.0,80.0,ON
1400.0,28.0,55.0,1800.0,80.0,ON
1400.0,28.0,55.0,1800.0,80.0,ON
1396.9,28.0,55.0,1800.0,80.0,ON
2538.1,28.22,54.98,1774.8,80.84,ON
2560.2,28.03,55.89,1722.0,80.24,ON
2512.1,27.58,55.75,1746.2,80.77,ON
2457.2,27.35,56.75,1675.2,81.6,ON
2426.2,27.9,57.17,1663.9,81.05,ON
2448.8,27.34,56.67,1715.6,81.45,ON
2442.1,26.88,56.88,1670.3,80.64,ON
2486.5,26.35,57.11,1659.8,80.69,ON
2542.7,25.82,56.49,1616.0,81.31,ON
2551.4,25.51,55.88,1661.0,81.02,ON
2536.9,25.08,55.43,1723.8,81.8,ON
2585.3,25.66,55.24,1672.0,81.02,ON
2637.6,25.82,54.34,1687.4,81.3,ON
2603.0,25.62,53.66,1637.8,80.76,ON
2645.8,25.22,54.31,1692.8,80.12,ON
2446.7,27.86,53.92,1728.2,79.32,ON
2419.6,27.41,52.86,1809.3,79.85,ON
2441.0,27.39,52.99,1837.2,80.81,ON
2455.9,27.62,52.99,1849.9,81.02,ON
2420.9,27.53,53.77,1832.7,80.84,ON
2447.6,27.0,54.13,1740.3,80.76,ON
2404.0,26.52,53.34,1764.3,80.38,ON
2353.8,25.99,53.12,1712.9,80.49,ON
2371.7,25.98,52.59,1742.7,79.77,ON
2414.6,25.69,53.04,1704.3,79.52,ON
2451.7,26.16,53.28,1616.2,79.54,ON
2434.3,26.22,53.9,1595.1,79.0,ON
2408.0,25.73,53.31,1547.9,79.66,ON
2388.3,25.82,54.43,1604.1,79.56,ON
2428.1,25.68,53.45,1568.1,79.02,ON
2535.1,28.44,54.29,1730.9,79.31,ON
2487.3,28.68,53.09,1720.1,79.2,ON
2514.5,28.77,52.11,1816.6,78.84,ON
2514.6,28.38,51.52,1730.4,79.44,ON
2568.8,28.31,52.12,1669.1,79.49,ON
2618.1,28.17,50.92,1703.5,80.48,ON
2588.8,28.26,50.63,1643.5,79.6,ON
2636.8,28.33,50.6,1600.0,79.08,ON
2630.4,27.88,51.16,1644.1,79.07,ON
2607.6,28.09,50.51,1585.6,80.03,ON
2663.7,28.05,51.64,1589.2,79.79,ON
2718.0,28.4,52.56,1645.8,79.53,ON
2719.0,28.16,52.98,1650.8,78.76,ON
2724.9,27.61,52.46,1655.0,78.82,ON
2746.9,27.09,52.77,1559.7,79.36,ON
2500.0,28.0,55.0,300.0,80.0,ON
2500.0,28.0,55.0,279.8,80.0,ON
2500.0,28.0,55.0,278.6,80.0,ON
2500.0,28.0,55.0,280.7,80.0,ON
2500.0,28.0,55.0,243.1,80.0,ON
2500.0,28.0,55.0,199.4,80.0,ON
2500.0,28.0,55.0,237.1,80.0,ON
2500.0,28.0,55.0,192.8,80.0,ON
2500.0,28.0,55.0,202.0,80.0,ON
2500.0,28.0,55.0,195.0,80.0,ON
2500.0,28.0,55.0,172.5,80.0,ON
2500.0,28.0,55.0,143.4,80.0,ON
2500.0,28.0,55.0,138.9,80.0,ON
2500.0,28.0,55.0,149.7,80.0,ON
2500.0,28.0,55.0,125.4,80.0,ON
1400.0,28.0,55.0,1800.0,80.0,ON
1400.0,28.0,55.0,1800.0,80.0,ON
1400.0,28.0,55.0,1800.0,80.0,ON
1366.6,28.0,55.0,1800.0,80.0,ON
1315.9,28.0,55.0,1800.0,80.0,ON
1282.3,28.0,55.0,1800.0,80.0,ON
1249.0,28.0,55.0,1800.0,80.0,ON
1316.6,28.0,55.0,1800.0,80.0,ON
1275.3,28.0,55.0,1800.0,80.0,ON
1273.4,28.0,55.0,1800.0,80.0,ON
1228.4,28.0,55.0,1800.0,80.0,ON
1203.8,28.0,55.0,1800.0,80.0,ON
1257.8,28.0,55.0,1800.0,80.0,ON
1233.3,28.0,55.0,1800.0,80.0,ON
1258.3,28.0,55.0,1800.0,80.0,ON
1400.0,28.0,55.0,1800.0,80.0,ON
1360.4,28.0,55.0,1800.0,80.0,ON
1400.0,28.0,55.0,1800.0,80.0,ON
1400.0,28.0,55.0,1800.0,80.0,ON
1400.0,28.0,55.0,1800.0,80.0,ON
1400.0,28.0,55.0,1800.0,80.0,ON
1400.0,28.0,55.0,1800.0,80.0,ON
1345.1,28.0,55.0,1800.0,80.0,ON
1289.0,28.0,55.0,1800.0,80.0,ON
1281.2,28.0,55.0,1800.0,80.0,ON
1353.5,28.0,55.0,1800.0,80.0,ON
1400.0,28.0,55.0,1800.0,80.0,ON
1393.5,28.0,55.0,1800.0,80.0,ON
1400.0,28.0,55.0,1800.0,80.0,ON
1400.0,28.0,55.0,1800.0,80.0,ON
2543.0,28.44,54.04,1710.4,80.63,ON
2583.3,28.95,54.4,1634.2,81.34,ON
2560.0,28.56,54.04,1659.8,82.16,ON
2598.3,28.53,54.2,1688.9,83.12,ON
2615.7,28.85,54.4,1758.4,84.01,ON
2633.5,29.15,54.27,1716.9,83.51,ON
2607.3,29.65,54.36,1653.7,82.96,ON
2589.1,29.57,53.62,1731.3,83.52,ON
2566.1,29.36,53.86,1741.8,84.04,ON
2509.8,29.95,54.06,1672.6,83.97,ON
2466.3,30.27,54.62,1660.5,84.43,ON
2468.6,30.46,55.14,1754.4,83.86,ON
2410.9,30.06,55.84,1685.4,83.69,ON
2375.8,29.92,55.36,1766.3,83.7,ON
2434.2,29.85,56.47,1851.1,83.59,ON
2450.8,27.68,54.44,1842.2,79.92,ON
2472.7,27.37,53.64,1838.2,80.55,ON
2491.3,27.79,52.56,1891.9,81.44,ON
2433.0,28.14,52.44,1949.1,81.97,ON
2388.3,27.98,52.35,2013.2,81.6,ON
2344.4,28.09,52.24,2036.3,80.65,ON
2307.2,27.68,52.84,2015.1,81.07,ON
2338.6,27.73,53.77,1926.0,80.2,ON
2344.5,28.01,52.79,1854.7,79.81,ON
2356.9,28.31,53.89,1798.3,79.82,ON
2305.7,27.8,54.02,1796.0,79.44,ON
2293.5,27.48,54.07,1718.5,80.12,ON
2320.1,27.2,53.87,1687.9,80.9,ON
2366.3,27.15,54.01,1677.9,81.48,ON
2380.5,27.14,55.16,1762.9,81.35,ON
2500.0,28.0,55.0,1800.0,15.0,OFF
2500.0,28.0,55.0,1800.0,15.0,OFF
2500.0,28.0,55.0,1800.0,15.0,OFF
2500.0,28.0,55.0,1800.0,15.0,OFF
2500.0,28.0,55.0,1800.0,13.23,OFF
2500.0,28.0,55.0,1800.0,15.0,OFF
2500.0,28.0,55.0,1800.0,15.0,OFF
2500.0,28.0,55.0,1800.0,15.0,OFF
2500.0,28.0,55.0,1800.0,15.0,OFF
2500.0,28.0,55.0,1800.0,12.22,OFF
2500.0,28.0,55.0,1800.0,14.98,OFF
2500.0,28.0,55.0,1800.0,15.0,OFF
2500.0,28.0,55.0,1800.0,14.42,OFF
2500.0,28.0,55.0,1800.0,11.72,OFF
2500.0,28.0,55.0,1800.0,13.69,OFF
2500.0,36.0,55.71,1800.0,80.0,OFF
2500.0,36.29,56.8,1800.0,80.0,OFF
2500.0,37.25,56.69,1800.0,80.0,OFF
2500.0,36.78,55.31,1800.0,80.0,OFF
2500.0,36.88,54.03,1800.0,80.0,OFF
2500.0,36.0,53.38,1800.0,80.0,OFF
2500.0,36.0,52.32,1800.0,80.0,OFF
2500.0,36.75,53.44,1800.0,80.0,OFF
2500.0,36.51,54.24,1800.0,80.0,OFF
2500.0,36.61,53.18,1800.0,80.0,OFF
2500.0,36.95,54.4,1800.0,80.0,OFF
2500.0,37.48,54.42,1800.0,80.0,OFF
2500.0,37.64,53.91,1800.0,80.0,OFF
2500.0,37.28,53.24,1800.0,80.0,OFF
2500.0,36.41,53.35,1800.0,80.0,OFF
2498.6,28.06,56.0,1751.1,80.92,OFF
2445.6,28.54,54.95,1683.4,81.19,OFF
2498.0,28.13,55.24,1722.7,80.73,OFF
2538.6,28.4,55.35,1801.3,80.05,OFF
2511.2,27.89,54.49,1800.3,80.55,OFF
2470.1,28.45,55.54,1822.6,80.61,OFF
2526.3,28.96,54.66,1903.8,80.12,OFF
2471.7,29.05,54.68,1868.5,79.18,OFF
2527.4,28.86,55.43,1830.8,79.63,OFF
2576.3,28.97,55.51,1885.4,79.56,OFF
2615.0,29.24,55.36,1877.7,78.65,OFF
2581.8,29.36,54.5,1830.3,78.51,OFF
2586.0,29.6,55.23,1825.9,79.23,OFF
2536.5,29.4,56.15,1752.3,78.41,OFF
2493.0,29.7,55.12,1807.2,78.52,OFF
2516.0,28.33,54.77,1891.2,79.27,OFF
2535.6,28.08,54.61,1886.4,79.53,OFF
2589.5,28.66,55.7,1969.4,78.81,OFF
2544.5,28.19,55.35,2023.7,78.48,OFF
2602.3,27.97,54.49,2009.2,77.69,OFF
2607.2,28.48,53.87,1969.1,77.04,OFF
2557.1,28.19,53.51,1998.5,76.61,OFF
2541.8,28.43,54.59,1980.2,77.26,OFF
2573.8,28.49,55.63,1889.9,76.86,OFF
2541.8,29.02,56.02,1797.2,76.82,OFF
2516.7,28.72,56.42,1874.9,77.28,OFF
2481.9,29.16,55.62,1912.3,77.96,OFF
2459.4,29.49,56.28,1977.2,77.35,OFF
2461.3,29.72,55.29,1982.7,76.76,OFF
2499.7,29.65,54.85,1967.1,76.02,OFF
2449.2,28.4,54.53,1722.7,79.5,OFF
2395.6,28.67,55.29,1661.8,79.9,OFF
2338.5,29.1,55.89,1678.4,79.17,OFF
2379.4,29.28,56.62,1656.1,78.28,OFF
2329.2,28.94,56.71,1675.2,78.52,OFF
2345.7,28.6,56.91,1744.1,79.08,OFF
2358.4,28.55,56.87,1677.1,78.9,OFF
2408.1,28.77,57.27,1578.7,79.41,OFF
2383.0,28.57,57.09,1636.2,79.07,OFF
2325.5,29.12,56.41,1556.9,79.73,OFF
2352.9,29.38,56.28,1473.1,79.71,OFF
2294.7,29.79,56.1,1522.2,80.04,OFF
2279.7,29.73,56.02,1566.8,80.43,OFF
2336.6,29.23,54.92,1488.2,81.07,OFF
2339.6,29.68,55.97,1474.9,80.92,OFF
2550.0,28.11,54.12,1712.1,80.11,OFF
2545.9,28.11,53.72,1737.4,80.3,OFF
2547.1,28.03,53.18,1816.3,79.81,OFF
2519.3,27.97,53.14,1762.8,78.9,OFF
2550.5,28.52,53.08,1791.8,78.19,OFF
2601.5,28.13,53.38,1704.4,78.9,OFF
2609.8,28.32,53.65,1672.0,78.43,OFF
2654.0,27.83,52.79,1669.9,79.01,OFF
2712.5,27.24,53.77,1600.5,79.89,OFF
2740.1,27.11,53.79,1565.8,79.58,OFF
2766.6,27.44,54.76,1504.6,79.15,OFF
2713.8,27.09,53.67,1566.3,78.97,OFF
2691.2,27.5,54.19,1471.2,78.51,OFF
2713.5,27.02,55.01,1546.5,77.55,OFF
2688.0,27.1,54.28,1563.8,76.92,OFF
2526.8,27.85,55.77,1703.6,79.98,OFF
2482.7,28.19,56.2,1623.8,80.55,OFF
2467.9,28.78,57.14,1535.5,80.39,OFF
2475.4,28.5,56.23,1573.3,80.02,OFF
2425.9,28.57,56.48,1563.0,80.86,OFF
2456.6,28.4,57.44,1598.0,81.46,OFF
2466.5,28.08,56.26,1521.1,81.09,OFF
2480.2,27.56,56.55,1546.3,81.46,OFF
2527.7,27.02,57.3,1481.5,81.74,OFF
2540.3,27.39,56.79,1575.0,82.6,OFF
2515.1,27.97,56.21,1655.4,83.57,OFF
2455.4,27.61,55.52,1635.0,83.3,OFF
2507.5,27.19,56.22,1676.1,82.82,OFF
2532.5,26.63,56.52,1762.4,82.2,OFF
2483.2,27.1,55.49,1849.2,82.92,OFF
2494.0,28.01,55.2,1846.6,79.36,OFF
2498.0,28.33,56.25,1944.4,78.43,OFF
2448.9,28.07,55.85,1891.5,77.46,OFF
2394.0,28.38,57.01,1842.5,77.36,OFF
2395.4,28.11,57.51,1857.5,76.65,OFF
2446.8,28.05,58.35,1888.3,77.59,OFF
2482.2,28.27,57.48,1908.6,77.57,OFF
2434.8,27.98,56.75,1884.6,77.91,OFF
2398.2,27.71,56.72,1971.3,78.26,OFF
2372.6,28.3,56.79,2018.3,79.05,OFF
2400.0,27.84,56.68,1949.7,79.21,OFF
2442.4,27.64,55.57,1969.3,78.6,OFF
2458.2,27.99,55.86,2017.7,79.26,OFF
2426.2,28.51,54.79,1993.0,79.48,OFF
2468.6,29.11,54.31,1982.3,79.7,OFF
2500.0,28.0,55.0,1800.0,15.0,OFF
2500.0,28.0,55.0,1800.0,15.0,OFF
2500.0,28.0,55.0,1800.0,13.69,OFF
2500.0,28.0,55.0,1800.0,12.65,OFF
2500.0,28.0,55.0,1800.0,14.3,OFF
2500.0,28.0,55.0,1800.0,15.0,OFF
2500.0,28.0,55.0,1800.0,13.03,OFF
2500.0,28.0,55.0,1800.0,13.22,OFF
2500.0,28.0,55.0,1800.0,12.65,OFF
2500.0,28.0,55.0,1800.0,10.02,OFF
2500.0,28.0,55.0,1800.0,10.3,OFF
2500.0,28.0,55.0,1800.0,8.0,OFF
2500.0,28.0,55.0,1800.0,9.57,OFF
2500.0,28.0,55.0,1800.0,9.9,OFF
2500.0,28.0,55.0,1800.0,8.73,OFF
2518.9,27.47,54.27,1811.4,81.0,OFF
2506.0,27.13,55.43,1788.2,81.81,OFF
2564.1,26.69,54.73,1881.8,82.4,OFF
2597.2,26.53,54.0,1872.6,83.29,OFF
2646.7,26.58,54.58,1961.3,84.0,OFF
2634.4,26.92,54.08,1899.8,83.92,OFF
2643.2,26.98,53.36,1827.1,84.88,OFF
2615.0,26.44,53.95,1728.8,85.33,OFF
2611.5,25.99,53.37,1712.7,84.46,OFF
2640.4,25.98,53.3,1687.8,83.74,OFF
2698.1,25.99,52.45,1601.1,83.34,OFF
2726.6,26.19,53.05,1652.1,83.01,OFF
2759.3,25.72,53.77,1561.9,83.21,OFF
2798.6,25.3,53.15,1562.4,83.78,OFF
2831.3,25.26,54.09,1631.5,84.63,OFF
1400.0,28.0,55.0,1800.0,80.0,ON
1400.0,28.0,55.0,1800.0,80.0,ON
1393.4,28.0,55.0,1800.0,80.0,ON
1400.0,28.0,55.0,1800.0,80.0,ON
1373.3,28.0,55.0,1800.0,80.0,ON
1296.5,28.0,55.0,1800.0,80.0,ON
1314.0,28.0,55.0,1800.0,80.0,ON
1320.4,28.0,55.0,1800.0,80.0,ON
1370.7,28.0,55.0,1800.0,80.0,ON
1322.4,28.0,55.0,1800.0,80.0,ON
1365.1,28.0,55.0,1800.0,80.0,ON
1400.0,28.0,55.0,1800.0,80.0,ON
1358.6,28.0,55.0,1800.0,80.0,ON
1342.4,28.0,55.0,1800.0,80.0,ON
1392.4,28.0,55.0,1800.0,80.0,ON
2550.6,27.54,53.81,1715.3,80.55,ON
2541.0,27.41,53.71,1708.4,81.04,ON
2501.6,27.15,54.41,1720.7,80.49,ON
2453.5,27.17,54.95,1642.5,80.47,ON
2440.0,27.04,54.03,1708.9,81.34,ON
2400.1,27.22,54.38,1634.5,80.8,ON
2399.9,27.28,53.23,1648.8,79.92,ON
2445.5,27.09,52.13,1665.9,79.12,ON
2400.6,27.1,52.83,1626.3,78.49,ON
2346.0,26.88,53.01,1567.7,79.38,ON
2356.3,27.11,53.26,1548.2,78.62,ON
2408.1,26.73,53.77,1462.5,78.36,ON
2354.3,27.14,54.21,1550.3,78.76,ON
2352.4,26.87,53.52,1599.4,79.19,ON
2366.6,26.96,52.35,1631.7,79.59,ON
2489.6,28.5,54.59,1804.1,80.0,ON
2430.3,28.16,54.45,1800.0,79.8,ON
2472.6,28.05,54.52,1847.3,78.94,ON
2524.7,27.78,53.95,1766.4,78.82,ON
2532.2,27.62,53.94,1781.9,78.42,ON
2497.5,27.25,53.58,1785.7,78.66,ON
2549.6,27.32,53.96,1707.9,77.77,ON
2533.4,26.84,52.77,1800.0,77.78,ON
2540.0,27.38,53.45,1838.3,78.5,ON
2577.6,27.03,54.39,1764.9,78.47,ON
2620.1,26.48,54.06,1757.7,78.21,ON
2581.0,27.04,53.49,1715.8,77.47,ON
2577.5,27.62,54.08,1744.4,77.53,ON
2578.4,27.75,55.24,1660.7,78.27,ON
2608.4,27.78,54.35,1739.3,77.91,ON
